{
  "Tx_FakeStore" : {
    "transaction" : "Tx_FakeStore",
    "sampleCount" : 6377,
    "errorCount" : 0,
    "errorPct" : 0.0,
    "meanResTime" : 293.43609847891,
    "medianResTime" : 291.0,
    "minResTime" : 270.0,
    "maxResTime" : 702.0,
    "pct1ResTime" : 305.0,
    "pct2ResTime" : 309.0,
    "pct3ResTime" : 331.0,
    "throughput" : 21.23896752706078,
    "receivedKBytesPerSec" : 18.592478273313905,
    "sentKBytesPerSec" : 4.91151904662781
  },
  "Total" : {
    "transaction" : "Total",
    "sampleCount" : 6377,
    "errorCount" : 0,
    "errorPct" : 0.0,
    "meanResTime" : 293.43609847891,
    "medianResTime" : 291.0,
    "minResTime" : 270.0,
    "maxResTime" : 702.0,
    "pct1ResTime" : 305.0,
    "pct2ResTime" : 309.0,
    "pct3ResTime" : 331.0,
    "throughput" : 21.23896752706078,
    "receivedKBytesPerSec" : 18.592478273313905,
    "sentKBytesPerSec" : 4.91151904662781
  }
}